INSERT INTO articulo_d  VALUES      ('falda','falda');
INSERT INTO articulo_d  VALUES      ('vestido','vestido');
INSERT INTO articulo_d  VALUES      ('camisa','camisa');
INSERT INTO articulo_d  VALUES      ('pantalon','pantalon');

INSERT INTO color_d     VALUES      ('oscuro','osc');
INSERT INTO color_d     VALUES      ('pastel','pas');
INSERT INTO color_d     VALUES      ('blanco','bla');

INSERT INTO talla_d     VALUES      ('grande','L');
INSERT INTO talla_d     VALUES      ('mediana','M');
INSERT INTO talla_d     VALUES      ('pequena','S');

INSERT INTO productos_h VALUES      ('falda','oscuro','grande',2);
INSERT INTO productos_h VALUES      ('falda','oscuro','mediana',4);
INSERT INTO productos_h VALUES      ('falda','oscuro','pequena',2);
INSERT INTO productos_h VALUES      ('vestido','oscuro','grande',8);
INSERT INTO productos_h VALUES      ('vestido','oscuro','mediana',7);
INSERT INTO productos_h VALUES      ('vestido','oscuro','pequena',5);
INSERT INTO productos_h VALUES      ('camisa','oscuro','grande',5);
INSERT INTO productos_h VALUES      ('camisa','oscuro','mediana',6);
INSERT INTO productos_h VALUES      ('camisa','oscuro','pequena',3);
INSERT INTO productos_h VALUES      ('pantalon','oscuro','grande',7);
INSERT INTO productos_h VALUES      ('pantalon','oscuro','mediana',12);
INSERT INTO productos_h VALUES      ('pantalon','oscuro','pequena',1);
INSERT INTO productos_h VALUES      ('falda','pastel','grande',21);
INSERT INTO productos_h VALUES      ('falda','pastel','mediana',3);
INSERT INTO productos_h VALUES      ('falda','blanco','pequena',11);
INSERT INTO productos_h VALUES      ('vestido','pastel','grande',7);
INSERT INTO productos_h VALUES      ('vestido','blanco','mediana',1);
INSERT INTO productos_h VALUES      ('vestido','pastel','pequena',2);
INSERT INTO productos_h VALUES      ('camisa','pastel','grande',4);
INSERT INTO productos_h VALUES      ('camisa','pastel','mediana',0);
INSERT INTO productos_h VALUES      ('camisa','pastel','pequena',3);
INSERT INTO productos_h VALUES      ('pantalon','pastel','grande',2);
